{
    "baseline": {
        "iou": 0.0555
    },
    "v1_cnn": {
        "iou": 0.5833,
        "dice": 0.7363
    },
    "v2_unet": {
        "iou": 0.9299,
        "dice": 0.9635
    },
    "v3_unet": {
        "iou": 0.9329,
        "dice": 0.9651
    },
    "v4_unet": {
        "iou": 0.9302803056362348,
        "dice": 0.9637427146618182,
        "f3_iou": 0.9277318188777337,
        "f3_dice": 0.9623732337584863
    },
    "detalle_v4": {
        "F1 Geometr\u00eda B\u00e1sica": {
            "iou": 0.9372302568875827,
            "dice": 0.9674721635304965
        },
        "F1 Ruido": {
            "iou": 0.9219236557300274,
            "dice": 0.9592917194733253
        },
        "F2 Geometr\u00eda Compleja": {
            "iou": 0.9511192716084994,
            "dice": 0.9748971370550302
        },
        "F2 Ruido Complejo": {
            "iou": 0.9159450118358319,
            "dice": 0.9560488003950852
        },
        "F3 Tuber\u00edas Sint\u00e9ticas": {
            "iou": 0.9295889047475961,
            "dice": 0.9633501584713275
        },
        "F3 Tuber\u00edas con Ruido": {
            "iou": 0.9258747330078712,
            "dice": 0.9613963090456449
        }
    }
}