{
    "config": {
        "version": "v1_cnn_baseline",
        "epochs": 50,
        "batch_size": 16,
        "lr": 0.001,
        "img_size": 256,
        "optimizer": "Adam",
        "loss": "BCELoss",
        "patience": 10
    },
    "historial": {
        "train_loss": [
            0.18667176151275636,
            0.07182516765594482,
            0.04670419406890869,
            0.04100322182476521,
            0.037057642474770544,
            0.03425713968276978,
            0.03230566044151783,
            0.03081269609928131,
            0.029830947816371918,
            0.029241962611675262,
            0.028567683279514314,
            0.02800286515057087,
            0.027538933143019678,
            0.027071105688810347,
            0.026832785576581954,
            0.026441310927271842,
            0.026065341264009476,
            0.025769941359758377,
            0.025612684808671474,
            0.025254663854837416,
            0.025140342488884925,
            0.024834054693579674,
            0.02473218937218189,
            0.024468938618898393,
            0.024286948017776012,
            0.02411894951760769,
            0.024053939044475555,
            0.023833364516496657,
            0.023663226261734963,
            0.023473643898963927,
            0.023415417313575746,
            0.023170341476798056,
            0.02317044858634472,
            0.023043404549360276,
            0.02286233337968588,
            0.022756956294178964,
            0.022660737954080103,
            0.022564256884157658,
            0.022439991787075998,
            0.02231047121435404,
            0.022199595600366592,
            0.02221272188425064,
            0.022097021020948886,
            0.022033897832036017,
            0.02203433981537819,
            0.021844081476330757,
            0.0216368892416358,
            0.021548230491578578,
            0.021547481790184973,
            0.021435797587037085
        ],
        "val_loss": [
            0.09061684876680375,
            0.05218924179673195,
            0.04317135378718376,
            0.03889658644795418,
            0.03545754916965962,
            0.03322567120194435,
            0.031713607162237166,
            0.030435735583305357,
            0.029765458032488822,
            0.02904535971581936,
            0.028313117548823357,
            0.02804038219153881,
            0.027517090886831283,
            0.027040916457772256,
            0.026782750487327575,
            0.02671781711280346,
            0.02618529424071312,
            0.02595849797129631,
            0.025583110004663467,
            0.02568042054772377,
            0.02513142704963684,
            0.025388532876968385,
            0.02491023488342762,
            0.024489925131201743,
            0.024515262469649315,
            0.02425174243748188,
            0.02406072162091732,
            0.024039680212736128,
            0.023889824748039246,
            0.023711873516440392,
            0.02373419813811779,
            0.023707369193434715,
            0.023686627075076103,
            0.02337150864303112,
            0.02368096776306629,
            0.023251637741923334,
            0.02293905206024647,
            0.022934359312057496,
            0.022564340084791183,
            0.022605676129460336,
            0.02249624125659466,
            0.02241814713925123,
            0.02224812414497137,
            0.022401607632637023,
            0.02208595033735037,
            0.022345061600208282,
            0.021951320730149746,
            0.021998975500464438,
            0.02195021852850914,
            0.021771503537893297
        ],
        "val_iou": [
            0.0,
            0.0382529254257679,
            0.18443079739809037,
            0.30034890830516814,
            0.3805986356735229,
            0.3958260464668274,
            0.4042878317832947,
            0.44214645147323606,
            0.4630125606060028,
            0.45015902161598204,
            0.4503412365913391,
            0.4778992819786072,
            0.4491099691390991,
            0.45848008632659915,
            0.4842512834072113,
            0.5014809811115265,
            0.478370213508606,
            0.4889009511470795,
            0.508001868724823,
            0.5137444448471069,
            0.4925508451461792,
            0.49141025185585024,
            0.5141446173191071,
            0.5074129927158356,
            0.5144378018379211,
            0.4983131349086761,
            0.5225266778469085,
            0.5023870742321015,
            0.515335762500763,
            0.5281464588642121,
            0.5297789752483368,
            0.5501511240005493,
            0.5417706835269928,
            0.5436609053611755,
            0.5589581382274628,
            0.49708822965621946,
            0.5261944174766541,
            0.5268982028961182,
            0.5483957087993622,
            0.5315258479118348,
            0.536564998626709,
            0.5428156042098999,
            0.5557071876525879,
            0.563671326637268,
            0.5488388323783875,
            0.5749037551879883,
            0.5583956897258758,
            0.5717395627498627,
            0.5645420062541961,
            0.5770732641220093
        ],
        "val_dice": [
            0.0,
            0.07323129080235959,
            0.30983831226825714,
            0.4593630194664001,
            0.5492308413982392,
            0.565261265039444,
            0.5742280614376069,
            0.612010657787323,
            0.6318632292747498,
            0.6196386694908143,
            0.619865894317627,
            0.6457345342636108,
            0.6186832737922668,
            0.6276249814033509,
            0.6514390277862548,
            0.6670690870285034,
            0.6462405037879944,
            0.6556805849075318,
            0.6727924704551697,
            0.677962372303009,
            0.6589463067054748,
            0.6579988098144531,
            0.6783245825767517,
            0.6722932100296021,
            0.678599727153778,
            0.6642634248733521,
            0.6855547714233399,
            0.6678302669525147,
            0.679202401638031,
            0.690482861995697,
            0.691945219039917,
            0.7091694211959839,
            0.7020133996009826,
            0.7035892295837403,
            0.7164933395385742,
            0.6632275366783142,
            0.6887264966964721,
            0.6894396018981933,
            0.707614324092865,
            0.6933228278160095,
            0.6976706337928772,
            0.7030424022674561,
            0.7137223720550537,
            0.7204551935195923,
            0.7081390190124511,
            0.7295474457740784,
            0.7160580205917358,
            0.7269344925880432,
            0.7210555386543274,
            0.7312654972076416
        ]
    },
    "mejor_val_loss": 0.021771503537893297
}